{"cameraMode":{"drawMode":0,"name":"Shaded","section":"Shading Mode"},"sceneLighting":true,"audioPlay":false,"sceneViewState":{"m_AlwaysRefresh":false,"showFog":true,"showSkybox":true,"showFlares":true,"showImageEffects":true,"showParticleSystems":true,"showVisualEffectGraphs":true,"m_FxEnabled":true},"in2DMode":false,"pivot":{"x":702.4092407226563,"y":280.2726745605469,"z":-3.148451328277588},"rotation":{"x":0.05510469153523445,"y":-0.04581794515252113,"z":-0.0025266611482948066,"w":-0.9974336624145508},"size":2597.445068359375,"orthographic":false}