{"cameraMode":{"drawMode":0,"name":"Shaded","section":"Shading Mode"},"sceneLighting":false,"audioPlay":false,"sceneViewState":{"m_AlwaysRefresh":false,"showFog":true,"showSkybox":false,"showFlares":true,"showImageEffects":true,"showParticleSystems":true,"showVisualEffectGraphs":true,"m_FxEnabled":true},"in2DMode":false,"pivot":{"x":0.27922436594963076,"y":0.27431315183639529,"z":0.21204102039337159},"rotation":{"x":-0.027381297200918199,"y":0.27299782633781435,"z":-0.00789919774979353,"w":-0.9617120623588562},"size":0.44951602816581728,"orthographic":false}