{"cameraMode":{"drawMode":0,"name":"Shaded","section":"Shading Mode"},"sceneLighting":false,"audioPlay":false,"sceneViewState":{"m_AlwaysRefresh":false,"showFog":true,"showSkybox":false,"showFlares":true,"showImageEffects":true,"showParticleSystems":true,"showVisualEffectGraphs":true,"m_FxEnabled":true},"in2DMode":false,"pivot":{"x":0.41796183586120608,"y":0.7420566082000732,"z":-0.22652292251586915},"rotation":{"x":0.4120517671108246,"y":0.06904861330986023,"z":-0.031383756548166278,"w":0.9080336093902588},"size":2.71818470954895,"orthographic":false}